item,itemLabel,region,regionLabel,population
http://www.wikidata.org/entity/Q1075928,Cholfirst,http://www.wikidata.org/entity/Q11943,Canton of Zurich,1620020
http://www.wikidata.org/entity/Q1238435,Tössstock,http://www.wikidata.org/entity/Q11943,Canton of Zurich,1620020
http://www.wikidata.org/entity/Q1270382,Dättenberg,http://www.wikidata.org/entity/Q11943,Canton of Zurich,1620020
http://www.wikidata.org/entity/Q1366994,Eschenberg,http://www.wikidata.org/entity/Q11943,Canton of Zurich,1620020
http://www.wikidata.org/entity/Q1643672,Höhronen,http://www.wikidata.org/entity/Q11943,Canton of Zurich,1620020
http://www.wikidata.org/entity/Q203581,Zimmerberg,http://www.wikidata.org/entity/Q11943,Canton of Zurich,1620020
http://www.wikidata.org/entity/Q22691123,Öschbrig,http://www.wikidata.org/entity/Q11943,Canton of Zurich,1620020
http://www.wikidata.org/entity/Q248667,Zürichberg,http://www.wikidata.org/entity/Q11943,Canton of Zurich,1620020
http://www.wikidata.org/entity/Q2649320,Allmen,http://www.wikidata.org/entity/Q11943,Canton of Zurich,1620020
http://www.wikidata.org/entity/Q26912323,Wassberg,http://www.wikidata.org/entity/Q11943,Canton of Zurich,1620020
